model_label,condition,thinking,n_responses,total_generation_cost_usd,mean_generation_cost_usd,cost_per_1k_generations_usd,mean_tokens_in,mean_tokens_out,mean_cache_hit_tokens,mean_cache_miss_tokens,mean_fluency_count,mean_judge_fluency,mean_judge_original,mean_judge_flex,mean_judge_elab,mean_sem_diversity,composite_quality,cost_per_quality_point
deepseek-chat,default,disabled,30,0.0029999999999999988,1e-4,0.1,102.4,381.3,0,102.4,17.5,4.133333333333334,3.6333333333333333,4.333333333333333,4.6,0.627374426091302,4.188888888888889,2.3872679045092838e-5
deepseek-chat,tangent_return,disabled,30,0.008099999999999998,2.7e-4,0.27,311.4,878.1333333333333,179.2,132.2,10.533333333333333,3.2333333333333334,3.033333333333333,3.3666666666666667,3.533333333333333,0.6524058338995091,3.3111111111111113,8.154362416107382e-5
deepseek-reasoner,default,disabled,30,0.007899999999999996,2.633333333333333e-4,0.2633333333333333,102.4,875.4333333333333,0,102.4,17.6,4.1,3.1666666666666665,4.133333333333334,4.333333333333333,0.5955308654683787,3.8777777777777778,6.790830945558739e-5
deepseek-reasoner,tangent_return,disabled,30,0.0216,7.199999999999999e-4,0.72,311.4,2520.2,256,55.4,16.233333333333334,4.1,3.7666666666666666,4.3,4.666666666666667,0.6304902241714024,4.2444444444444445,1.6963350785340314e-4
deepseek-v4-flash,default,disabled,30,0.0030999999999999986,1.0333333333333334e-4,0.10333333333333335,102.4,384.1,0,102.4,17.066666666666666,4.166666666666667,3.566666666666667,4.333333333333333,4.633333333333334,0.6068312093096541,4.177777777777778,2.473404255319149e-5
deepseek-v4-flash,tangent_return,disabled,30,0.007799999999999996,2.6e-4,0.25999999999999995,311.4,873.8666666666667,256,55.4,13.033333333333333,3.9,3.7333333333333334,4,4.066666666666666,0.6545223752556666,3.9333333333333336,6.610169491525423e-5
deepseek-v4-pro,default,disabled,30,0.010599999999999998,3.533333333333333e-4,0.35333333333333333,102.4,355.93333333333334,0,102.4,17.366666666666667,4.266666666666667,3.7,4.533333333333333,4.666666666666667,0.6764447945291516,4.300000000000001,8.21705426356589e-5
deepseek-v4-pro,tangent_return,disabled,30,0.023399999999999994,7.8e-4,0.78,311.4,839.2666666666667,179.2,132.2,16.466666666666665,4.7,4.3,4.933333333333334,5,0.6746657593157885,4.7444444444444445,1.6440281030444964e-4
